{
  "generated_at": "2026-02-23T08:53:33.396140",
  "artifacts": [
    {
      "path": "build/iteration_01_build.txt",
      "sha256": "30f3e387249e47c4611216346526876def29cac88205d6f931267172d67e8e70",
      "size": 74144
    },
    {
      "path": "build/iteration_02_build.txt",
      "sha256": "638f3920239ffa6639ce1569035513c2d83e95c2a0e69ae2d53d8bd6a68a3060",
      "size": 59890
    },
    {
      "path": "build/iteration_02_fix.txt",
      "sha256": "638f3920239ffa6639ce1569035513c2d83e95c2a0e69ae2d53d8bd6a68a3060",
      "size": 59890
    },
    {
      "path": "build/iteration_03_fix.txt",
      "sha256": "75011e3fa2a303fedcaa33c0da7e33e313f1e3e5b99af4d1e3c72ac9198b4986",
      "size": 63480
    },
    {
      "path": "build/iteration_03_build.txt",
      "sha256": "75011e3fa2a303fedcaa33c0da7e33e313f1e3e5b99af4d1e3c72ac9198b4986",
      "size": 63480
    },
    {
      "path": "build/iteration_01_artifacts/server.js",
      "sha256": "4093f97382ea907f50a16948cb619d9c15eec41655b25cf1ad75ec66244fd058",
      "size": 2065
    },
    {
      "path": "build/iteration_01_artifacts/build_state.json",
      "sha256": "de1c9d19730a9e8a02a51838b0945cd81e0aced039004af2c3b8477319dc68bf",
      "size": 115
    },
    {
      "path": "build/iteration_01_artifacts/package.json",
      "sha256": "fdccc9ca06788cdb2f91ccbedf61fcdae55086070cefeb307260ebd43e4788f4",
      "size": 948
    },
    {
      "path": "build/iteration_01_artifacts/artifact_manifest.json",
      "sha256": "2319769f2e16408a07dc267024449cc85613bb06915b12c51e0bcc189299b5fc",
      "size": 4982
    },
    {
      "path": "build/iteration_01_artifacts/tests/kpi.test.js",
      "sha256": "2273c0016fbdca68a614d34f88d26ffd82e241df7b46ce0546fb0caa2cb43e89",
      "size": 3597
    },
    {
      "path": "build/iteration_01_artifacts/tests/auth.test.js",
      "sha256": "2e86111bb5f319adecbbe0f0e7c2060adfe036d1e9a1962ee830dced0b9ba6bc",
      "size": 2401
    },
    {
      "path": "build/iteration_01_artifacts/models/Client.js",
      "sha256": "8ed7ac9389352b2cb571ff72ec4ff9f37c93daa5b14cb6b6863d115318c3fd50",
      "size": 1112
    },
    {
      "path": "build/iteration_01_artifacts/models/database.js",
      "sha256": "2743506bdd33f2de1f1273abf82ca40facb1e2da3e695ac04dbf2cb0b77264a0",
      "size": 2969
    },
    {
      "path": "build/iteration_01_artifacts/models/User.js",
      "sha256": "4aa35b977235fe4eb73efa520cc7d2586cea212d20c533a4e9b7a30301a44d49",
      "size": 2905
    },
    {
      "path": "build/iteration_01_artifacts/models/KPI.js",
      "sha256": "135f7bf8cd7fb04ec9d3b139f42b7706c0d5aa489901dfc81886970456d50d11",
      "size": 1281
    },
    {
      "path": "build/iteration_01_artifacts/models/Report.js",
      "sha256": "90710e5f7228d8f82dda6f7ff0e58807b14b2ebf4f60f79009435ee8067ab633",
      "size": 1132
    },
    {
      "path": "build/iteration_01_artifacts/schemas/validation.js",
      "sha256": "fe984066acd15adf091c9e44df3985d255631e778be6f565e7b4ef0f51c8a471",
      "size": 883
    },
    {
      "path": "build/iteration_01_artifacts/schemas/kpiDefinitions.js",
      "sha256": "b64228ba7f7f1dbfcb4672f5aff717af42590ad7e1991b820f10940f83efd2ca",
      "size": 1071
    },
    {
      "path": "build/iteration_01_artifacts/api/auth.js",
      "sha256": "16a52a172da66054e3c48ce6e35484bee8efe3b07eab7064967992a1adc85084",
      "size": 1793
    },
    {
      "path": "build/iteration_01_artifacts/api/kpi.js",
      "sha256": "0ed16c9c86cbb4117e6d899e69483161db33659897fe5ece178f5cc9baba14b2",
      "size": 3682
    },
    {
      "path": "build/iteration_01_artifacts/api/reports.js",
      "sha256": "fb34629d255665d774d9449e3eed06aec26c30397b3439ef218aac61154284d3",
      "size": 5314
    },
    {
      "path": "build/iteration_01_artifacts/api/clients.js",
      "sha256": "84729b68e263bfdab4b5508f1a2578f35193af6cd2f13041974125ebd1176469",
      "size": 2667
    },
    {
      "path": "build/iteration_01_artifacts/client/tailwind.config.js",
      "sha256": "cbf9199c30c9039df5550bba3abb198e9e8de33dd45018f3bf76c04959498d6a",
      "size": 281
    },
    {
      "path": "build/iteration_01_artifacts/client/package.json",
      "sha256": "82e6026fe34fa07164165fbf7dce9cf3a24ea1d997e9e70cb87a99b242a4d78b",
      "size": 1019
    },
    {
      "path": "build/iteration_01_artifacts/client/postcss.config.js",
      "sha256": "fa317d865cb575d7faf17cb9a72a04d1346c6f46033889b234688951f223b902",
      "size": 2288
    },
    {
      "path": "build/iteration_01_artifacts/client/src/index.js",
      "sha256": "1164bea0f87662b9bbbf746453f6c59b0038c6ea6da54a777830ff9119680fa8",
      "size": 1231
    },
    {
      "path": "build/iteration_01_artifacts/client/src/index.css",
      "sha256": "a5b6a203085cea241335d8c923eac5a732d95b7b00b7842ee18e54bc5f524235",
      "size": 1057
    },
    {
      "path": "build/iteration_01_artifacts/client/src/context/AuthContext.js",
      "sha256": "1f7a9c3f8e33c4cd5fee812a6ad6279795f66c2f86814c3f5d598a0993403bfc",
      "size": 1516
    },
    {
      "path": "build/iteration_01_artifacts/client/src/utils/kpiCalculations.js",
      "sha256": "35faa1f55920fac37824039a409111a58dbadacaadee6b121b70242806d53f6c",
      "size": 1982
    },
    {
      "path": "build/iteration_01_artifacts/client/src/components/ExecutiveDashboard.js",
      "sha256": "70ad40c1d7b17d474cd1c40f102f3bb9191e6a6a7735a59e5849a32c8d1029b6",
      "size": 2899
    },
    {
      "path": "build/iteration_01_artifacts/client/src/components/ClientProfile.js",
      "sha256": "6f532db660d293a04df95dc5d3bf023f394d4c9418d0c2776a74b27fa3da6356",
      "size": 3120
    },
    {
      "path": "build/iteration_01_artifacts/client/src/components/ReportGenerator.js",
      "sha256": "c28d23344078d5f41b449cdd6ed466425e5178d8170fdfcb68b5174679723467",
      "size": 3394
    },
    {
      "path": "build/iteration_01_artifacts/client/src/components/KPIInput.js",
      "sha256": "485fd5a1e993b677d487a30ae954ae75339f78884c8dc836b3b907c5144bd9ab",
      "size": 2451
    },
    {
      "path": "build/iteration_01_artifacts/client/src/components/Dashboard.js",
      "sha256": "1b855cc38d3ee5deae7b3e8aaf9d138744852da34380b95c89d94a3c4dbef89d",
      "size": 1835
    },
    {
      "path": "build/iteration_01_artifacts/client/src/pages/ClientManagement.js",
      "sha256": "bc795a75cf6386e8527e4c058c2ee05b737b230d2af27eb72be017b3b89c3b1e",
      "size": 6578
    },
    {
      "path": "build/iteration_01_artifacts/client/src/pages/Login.js",
      "sha256": "402b1b5bfdaf2a06583fe57244e76bc63e2b08c4f378ab53d390239045eeefd5",
      "size": 2438
    },
    {
      "path": "build/iteration_01_artifacts/client/src/pages/Reports.js",
      "sha256": "130dea09e1eb9048a887ba946f5fcad87185afd1eeb27e270976b8fe1a290a41",
      "size": 2666
    },
    {
      "path": "build/iteration_01_artifacts/client/src/services/api.js",
      "sha256": "00ca6501a5d061347a592db64b8a0dafdccdb047034fa6ac3914b01aaaecbec0",
      "size": 1530
    },
    {
      "path": "build/iteration_03_artifacts/server.js",
      "sha256": "fde3f8b76d04cf9fa040aa1603b454c49a5a0f31bb05aaa59c3c7cf2eee78a01",
      "size": 1423
    },
    {
      "path": "build/iteration_03_artifacts/build_state.json",
      "sha256": "2d4245c2804c86d576a51d15287456d52073ed6baf322461df935ff574d23152",
      "size": 115
    },
    {
      "path": "build/iteration_03_artifacts/README.md",
      "sha256": "5c0ea5741ccf87237f64faa65a2ed4b116cc1cbebdd15f45cf7f9078e2fb0a1b",
      "size": 1709
    },
    {
      "path": "build/iteration_03_artifacts/package.json",
      "sha256": "2aac95d8a261b62b8a8b5adb56b8379e06391be541dccf124c42741c757e0053",
      "size": 828
    },
    {
      "path": "build/iteration_03_artifacts/artifact_manifest.json",
      "sha256": "60c4504501d255ff726d270913fb308cdc39f4c4b4eeb3b2789a5de7e72d9d54",
      "size": 2665
    },
    {
      "path": "build/iteration_03_artifacts/.env.example",
      "sha256": "13c54dc2d48ab3a825cfd048101745186647d493d83d5bf98ded7fd70715e5a0",
      "size": 806
    },
    {
      "path": "build/iteration_03_artifacts/middleware/auth.js",
      "sha256": "0b305082a23013d87c3a4f205633c8fb23611fd6fb1febbfb87c79dcbdf99856",
      "size": 1109
    },
    {
      "path": "build/iteration_03_artifacts/middleware/errorHandler.js",
      "sha256": "b5d33dc2a1d4af1e4e1be00744c811b2ac584cee9945334f3a2d368c55b6eb37",
      "size": 706
    },
    {
      "path": "build/iteration_03_artifacts/app/index.html",
      "sha256": "261cfe40b1ffceefbc7cd301391b015f0d15a6fddf7e9806e6c18ad3e813d222",
      "size": 8102
    },
    {
      "path": "build/iteration_03_artifacts/app/script.js",
      "sha256": "a10e46dd0df77f71efda7e5e9847a223287852f60d3e7594e87168a49790df21",
      "size": 14173
    },
    {
      "path": "build/iteration_03_artifacts/app/style.css",
      "sha256": "08cd2ff72d6fb4bad300eb7a84ad4408d836790afe404c5331db1214c9bb1794",
      "size": 6676
    },
    {
      "path": "build/iteration_03_artifacts/tests/api.test.js",
      "sha256": "55b2fd48220c5066f642101560e06bfc587371f276e51b281aaf4fa13092aac0",
      "size": 4921
    },
    {
      "path": "build/iteration_03_artifacts/tests/models.test.js",
      "sha256": "f1c5874487f5cf406469d2d9e968cd8293492028c1ee00afe346ce44787c1915",
      "size": 8087
    },
    {
      "path": "build/iteration_03_artifacts/tests/services.test.js",
      "sha256": "dce6ee27f86dc2926a43d27adfd71ad1e1fe0adb0bf8ee3eb5dcee50fc32ca5e",
      "size": 10102
    },
    {
      "path": "build/iteration_03_artifacts/utils/logger.js",
      "sha256": "bb2c79213c34d569a5e150308cfec38a04d5ccbdadd0f1edc98a1472eb451f1c",
      "size": 706
    },
    {
      "path": "build/iteration_03_artifacts/models/Client.js",
      "sha256": "00998f049988d031629f172e73d46004525e6bac6320674262b0ca8b2fd558f1",
      "size": 2192
    },
    {
      "path": "build/iteration_03_artifacts/models/User.js",
      "sha256": "c2c7880012263832c5eb266dec52874586ea0aa49fd738ce040c17a6638954f5",
      "size": 2331
    },
    {
      "path": "build/iteration_03_artifacts/models/Assessment.js",
      "sha256": "41e14a9d01d683972ac57d038be624e68d6ddd11610110633c5aa06cf9081fa3",
      "size": 3891
    },
    {
      "path": "build/iteration_03_artifacts/schemas/database.js",
      "sha256": "bdda04dca412516880114a42b0a9ec3f130af227bfe2c299b59513843560ec8d",
      "size": 1350
    },
    {
      "path": "build/iteration_03_artifacts/api/auth.js",
      "sha256": "ea96686e08108d84613d177233f3fab8eab78a2bf43d6efee41f1b98d2c2e43f",
      "size": 3070
    },
    {
      "path": "build/iteration_03_artifacts/api/assessments.js",
      "sha256": "9acaf54a32334635e437c3e1719b1bd3b7e7cd4149801abbe57a24bac354f5cb",
      "size": 5043
    },
    {
      "path": "build/iteration_03_artifacts/api/reports.js",
      "sha256": "6a982aabffec5ce7f54a46417a4bd6fe155816d05cdc7750ff15dd6ef39c4bc0",
      "size": 2142
    },
    {
      "path": "build/iteration_03_artifacts/api/clients.js",
      "sha256": "14e7d0be8c46e9d4076ccd21a3754a134023ef424d48e1ce312e73adc4179538",
      "size": 3579
    },
    {
      "path": "build/iteration_02_artifacts/server.js",
      "sha256": "07f1921896e318325c0394c307b376086cc9e596da9956c2606f4505570228f8",
      "size": 1503
    },
    {
      "path": "build/iteration_02_artifacts/build_state.json",
      "sha256": "552e97d935d10e06935074ddac92ee344e1bb99ef87599f06045ad422a4c4667",
      "size": 115
    },
    {
      "path": "build/iteration_02_artifacts/package.json",
      "sha256": "40c75b6aecbf29014ca100a4014ccfc456f9ddda769369c8839e2aa980cb2fda",
      "size": 791
    },
    {
      "path": "build/iteration_02_artifacts/artifact_manifest.json",
      "sha256": "3d7836ce36e510259000235a7a10ae7dc543ee7ddbada8eb02d053debebb152f",
      "size": 2232
    },
    {
      "path": "build/iteration_02_artifacts/tests/api.test.js",
      "sha256": "ae58ec11d03beb2e96bf545e3aa73f1c60c59f6ff2e484e04153d0eccc01710a",
      "size": 6887
    },
    {
      "path": "build/iteration_02_artifacts/models/Database.js",
      "sha256": "e1bf171c2c21b408e4d26d22e865bd32cf2092d42d5173f7f58590079e9ebf35",
      "size": 1851
    },
    {
      "path": "build/iteration_02_artifacts/schemas/KPICalculator.js",
      "sha256": "e81efb005bdb246e03e8f0cfefdac692c410c2a0e3a13b556d0bbbfa61aaca98",
      "size": 2322
    },
    {
      "path": "build/iteration_02_artifacts/public/index.html",
      "sha256": "cfad244b30e7eff59dffad2154e09ddb42f5f90c3fbf3676a63c1bb83cb99d41",
      "size": 6655
    },
    {
      "path": "build/iteration_02_artifacts/public/css/styles.css",
      "sha256": "baea2f36b7b49145b384c85409eeaa8a4397e47abb65fe9ea4f37bbc2edf6316",
      "size": 5196
    },
    {
      "path": "build/iteration_02_artifacts/public/js/auth.js",
      "sha256": "607f522698795ea507efcdca5b59d3f647efaaf1f76e51e127ddb78c3208a590",
      "size": 3254
    },
    {
      "path": "build/iteration_02_artifacts/public/js/dashboard.js",
      "sha256": "edbc51dea0ca989eada4c33b44628739e4396c33a1b60140b42c11dee89bad75",
      "size": 3652
    },
    {
      "path": "build/iteration_02_artifacts/public/js/app.js",
      "sha256": "f659b40fc0502619f9629d3509be9dfccbaa07474a5e8d32ac7adf76198976aa",
      "size": 13211
    },
    {
      "path": "build/iteration_02_artifacts/api/auth.js",
      "sha256": "f7eb076fb37f42c20c2c1633acdf96a2d9d6bbc7599d00e211d0093391c2049f",
      "size": 3381
    },
    {
      "path": "build/iteration_02_artifacts/api/assessments.js",
      "sha256": "2f4705cbbe2a62f5befa183635e7a83c07f740b45f6c480dca8963f7294351b5",
      "size": 2665
    },
    {
      "path": "build/iteration_02_artifacts/api/reports.js",
      "sha256": "eb1109158c9e52eca331025826553685c56cafde30836f042e44506e8fa70b64",
      "size": 2961
    },
    {
      "path": "build/iteration_02_artifacts/api/clients.js",
      "sha256": "ec547cb45dcdd6adc69da1e309869c2a28fd0a8b416fc6f85462b2c84e1855b0",
      "size": 4398
    }
  ]
}